{
  "project_info": {
    "project_number": "353953554583",
    "firebase_url": "https://myapp-4849e.firebaseio.com",
    "project_id": "myapp-4849e",
    "storage_bucket": "myapp-4849e.appspot.com"
  },
  "client": [
    {
      "client_info": {
        "mobilesdk_app_id": "1:353953554583:android:5aff542588c37d121cc9d2",
        "android_client_info": {
          "package_name": "com.example.myapp"
        }
      },
      "oauth_client": [
        {
          "client_id": "353953554583-2e7q96qppu0ms62gusdpa6u1ohp7r1o2.apps.googleusercontent.com",
          "client_type": 1,
          "android_info": {
            "package_name": "com.example.myapp",
            "certificate_hash": "31c8ec947ccd22027009721affacac43a29a59c0"
          }
        },
        {
          "client_id": "353953554583-4r4t74jgj50ldmqb7fkndhb86llm09jn.apps.googleusercontent.com",
          "client_type": 3
        }
      ],
      "api_key": [
        {
          "current_key": "AIzaSyAPe1M7gH75tgEg4WZIEMKn5GcqlZbnl_E"
        }
      ],
      "services": {
        "appinvite_service": {
          "other_platform_oauth_client": [
            {
              "client_id": "353953554583-4r4t74jgj50ldmqb7fkndhb86llm09jn.apps.googleusercontent.com",
              "client_type": 3
            }
          ]
        }
      }
    }
  ],
  "configuration_version": "1"
}